41,2,2,132082,‚½‚¢‚ç,xxx@gmail.com
42,2,2,73002,‚½‚¢‚ç,xxx@gmail.com
45,2,2,54752,‚½‚¢‚ç,xxx@gmail.com
49,2,2,52592,‚½‚¢‚ç,xxx@gmail.com
46,2,2,22572,‚½‚¢‚ç,xxx@gmail.com
47,2,2,22572,‚½‚¢‚ç,xxx@gmail.com
44,2,2,22572,‚½‚¢‚ç,xxx@gmail.com
43,2,2,20412,‚½‚¢‚ç,xxx@gmail.com
48,2,2,20412,‚½‚¢‚ç,xxx@gmail.com
40,2,2,20412,‚½‚¢‚ç,xxx@gmail.com
13,2,2,02,‚½‚¢‚ç,xxx@gmail.com
14,2,2,02,‚½‚¢‚ç,xxx@gmail.com
15,2,2,02,‚½‚¢‚ç,xxx@gmail.com
16,2,2,02,‚½‚¢‚ç,xxx@gmail.com
3,2,2,02,‚½‚¢‚ç,xxx@gmail.com
18,2,2,02,‚½‚¢‚ç,xxx@gmail.com
17,2,2,02,‚½‚¢‚ç,xxx@gmail.com
19,2,2,02,‚½‚¢‚ç,xxx@gmail.com
4,2,2,02,‚½‚¢‚ç,xxx@gmail.com
33,2,2,02,‚½‚¢‚ç,xxx@gmail.com
26,2,2,02,‚½‚¢‚ç,xxx@gmail.com
34,4,2,04,’r‚¿‚á‚ñ,a@gmail.com
35,4,2,04,’r‚¿‚á‚ñ,a@gmail.com
5,2,2,02,‚½‚¢‚ç,xxx@gmail.com
36,2,2,02,‚½‚¢‚ç,xxx@gmail.com
1,2,2,02,‚½‚¢‚ç,xxx@gmail.com
37,2,2,02,‚½‚¢‚ç,xxx@gmail.com
25,2,2,02,‚½‚¢‚ç,xxx@gmail.com
23,2,2,02,‚½‚¢‚ç,xxx@gmail.com
38,2,2,02,‚½‚¢‚ç,xxx@gmail.com
39,2,0,02,‚½‚¢‚ç,xxx@gmail.com
2,2,2,02,‚½‚¢‚ç,xxx@gmail.com
6,2,2,02,‚½‚¢‚ç,xxx@gmail.com
11,2,2,02,‚½‚¢‚ç,xxx@gmail.com
8,2,2,02,‚½‚¢‚ç,xxx@gmail.com
7,2,2,02,‚½‚¢‚ç,xxx@gmail.com
12,2,2,02,‚½‚¢‚ç,xxx@gmail.com
